<?xml version="1.0" encoding="UTF-8"?>
<!DOCTYPE mapper PUBLIC "-//mybatis.org//DTD Mapper 3.0//EN" "http://mybatis.org/dtd/mybatis-3-mapper.dtd">
<mapper namespace="com.library.dao.AdminDao">
    <select id="getMatchCount" resultType="int">
        select count(*) from admin
        where username = #{username}
        and password = #{password}
    </select>
    <update id="resetPassword">
        update admin set password = #{password}
        where admin_id = #{admin_id}
    </update>
    <select id="getPassword" resultType="String" parameterType="long">
        select password from admin where admin_id = #{admin_id}
    </select>
    <select id="getUsername" resultType="Long" parameterType="String">
        select admin_id from admin where username = #{username}
    </select>
    <insert id="addAdmin" parameterType="com.library.bean.Admin">
        insert into admin(username,password) values
        ( #{username},#{password})
    </insert>
    <select id="findAdminInfoByName" resultType="com.library.bean.Admin" parameterType="String">
        select * from admin where username = #{username}
    </select>
</mapper>