<?xml version="1.0" encoding="UTF-8"?>
<!DOCTYPE mapper PUBLIC "-//mybatis.org//DTD Mapper 3.0//EN" "http://mybatis.org/dtd/mybatis-3-mapper.dtd">
<mapper namespace="com.library.dao.AdminInfoDao">
	<select id="getAllAdminInfo" resultType="com.library.bean.Admin">
        select * from admin
    </select>
    <select id="findAdminInfoByAdminId" resultType="com.library.bean.Admin" parameterType="long">
        select * from admin where admin_id = #{admin_id}
    </select>
     <delete id="deleteAdminInfo" parameterType="long">
        delete from admin where admin_id = #{admin_id}
    </delete>
    <insert id="addAdminInfo" parameterType="com.library.bean.Admin">
        insert into admin values
        (null, #{password},#{username})
    </insert>
    <select id="getAdminId" resultType="long" parameterType="com.library.bean.Admin">
        select admin_id from admin where
        password = #{password} and username = #{username} 
    </select>
</mapper>
